"Molecule ChEMBL ID";"Molecule Name";"Molecule Max Phase";"Molecular Weight";"#RO5 Violations";"AlogP";"Compound Key";"Smiles";"Standard Type";"Standard Relation";"Standard Value";"Standard Units";"pChEMBL Value";"Data Validity Comment";"Comment";"Uo Units";"Ligand Efficiency BEI";"Ligand Efficiency LE";"Ligand Efficiency LLE";"Ligand Efficiency SEI";"Potential Duplicate";"Assay ChEMBL ID";"Assay Description";"Assay Type";"BAO Format ID";"BAO Label";"Assay Organism";"Assay Tissue ChEMBL ID";"Assay Tissue Name";"Assay Cell Type";"Assay Subcellular Fraction";"Assay Parameters";"Assay Variant Accession";"Assay Variant Mutation";"Target ChEMBL ID";"Target Name";"Target Organism";"Target Type";"Document ChEMBL ID";"Source ID";"Source Description";"Document Journal";"Document Year";"Cell ChEMBL ID";"Properties";"Action Type";"Standard Text Value";"Value"
"CHEMBL99132";"";"None";"320.37";"0";"0.39";"4i";"O=C(CS)NC1CCc2cccc3c2N(C1=O)[C@H](C(=O)O)C3";"IC50";"";"";"nM";"";"";"Not Determined";"UO_0000065";"";"";"";"";"0";"CHEMBL644717";"Inhibition of Angiotensin I converting enzyme (ND)";"B";"BAO_0000224";"protein format";"None";"None";"None";"None";"None";"";"";"";"CHEMBL2096989";"Angiotensin-converting enzyme";"Homo sapiens";"PROTEIN FAMILY";"CHEMBL1128940";"1";"Scientific Literature";"Bioorg Med Chem Lett";"1996";"None";"";"";"";""
"CHEMBL43859";"";"None";"596.06";"2";"0.34";"1b";"C[C@H](N[C@@H](CCc1ccccc1)C(=O)O)C(=O)N1CC(NNC(=O)c2ccc(Cl)c(S(N)(=O)=O)c2)C[C@H]1C(=O)O";"Duration";"'='";"0.0";"hr";"";"";"";"UO_0000032";"";"";"";"";"0";"CHEMBL648288";"Time during which ACE inhibition is greater than or equal to 30% in Hog plasma";"F";"BAO_0000366";"cell-free format";"Oryctolagus cuniculus";"CHEMBL3559721";"Plasma";"None";"None";"";"";"";"CHEMBL2096989";"Angiotensin-converting enzyme";"Homo sapiens";"PROTEIN FAMILY";"CHEMBL1124790";"1";"Scientific Literature";"J Med Chem";"1990";"None";"";"";"";"0.0"
"CHEMBL1560";"CAPTOPRIL";"4.0";"217.29";"0";"0.63";"captopril";"C[C@H](CS)C(=O)N1CCC[C@H]1C(=O)O";"IC50";"'='";"9.0";"nM";"8.05";"";"";"UO_0000065";"37.03";"0.78";"7.42";"13.97";"0";"CHEMBL648344";"Inhibition of guinea pig serum Angiotensin I converting enzyme";"B";"BAO_0000224";"protein format";"Cavia porcellus";"None";"None";"None";"None";"";"";"";"CHEMBL2096989";"Angiotensin-converting enzyme";"Homo sapiens";"PROTEIN FAMILY";"CHEMBL1122140";"1";"Scientific Literature";"J Med Chem";"1982";"None";"";"";"";"9E-9"
"CHEMBL336756";"";"None";"232.24";"0";"0.71";"CPA";"N#CCC(=O)N[C@@H](Cc1ccccc1)C(=O)O";"K inact";"'='";"0.35";"min-1";"";"";"";"";"";"";"";"";"0";"CHEMBL649545";"kinact for angiotensin I converting enzyme";"B";"BAO_0000224";"protein format";"None";"None";"None";"None";"None";"";"";"";"CHEMBL2096989";"Angiotensin-converting enzyme";"Homo sapiens";"PROTEIN FAMILY";"CHEMBL1125348";"1";"Scientific Literature";"J Med Chem";"1992";"None";"";"";"";"0.35"
"CHEMBL369814";"";"None";"371.46";"0";"2.50";"15";"COC(=O)CSCC(=O)C(Cc1ccccc1)NC(=O)c1ccccc1";"IC50";"";"";"nM";"";"";"Not Determined";"UO_0000065";"";"";"";"";"0";"CHEMBL648349";"Concentration required for 50% inhibition of Angiotensin I converting enzyme; NT is Not Tested";"B";"BAO_0000224";"protein format";"Cavia porcellus";"None";"None";"None";"None";"";"";"";"CHEMBL2096989";"Angiotensin-converting enzyme";"Homo sapiens";"PROTEIN FAMILY";"CHEMBL1122170";"1";"Scientific Literature";"J Med Chem";"1982";"None";"";"";"";""
"CHEMBL177842";"";"None";"454.55";"0";"2.41";"11";"O=C(NC(Cc1ccccc1)C(=O)CSCC(=O)N1CCC[C@@H]1C(=O)O)c1ccccc1";"IC50";"'='";"12.0";"nM";"7.92";"";"";"UO_0000065";"17.43";"0.34";"5.51";"7.63";"0";"CHEMBL648348";"Concentration required for 50% inhibition of Angiotensin I converting enzyme";"B";"BAO_0000224";"protein format";"Cavia porcellus";"None";"None";"None";"None";"";"";"";"CHEMBL2096989";"Angiotensin-converting enzyme";"Homo sapiens";"PROTEIN FAMILY";"CHEMBL1122170";"1";"Scientific Literature";"J Med Chem";"1982";"None";"";"";"";"1.2E-8"
"CHEMBL351878";"";"None";"502.64";"1";"4.00";"2R";"O=C(N[C@@H](Cc1ccc(-c2ccccc2)cc1)C(=O)N1CCC[C@H]1C(=O)O)[C@H](S)Cc1ccccc1";"IC50";"'='";"229.0";"nM";"6.64";"";"";"UO_0000065";"13.21";"0.25";"2.64";"7.66";"0";"CHEMBL648287";"Inhibition of angiotensin converting enzyme (ACE)";"B";"BAO_0000224";"protein format";"None";"None";"None";"None";"None";"";"";"";"CHEMBL2096989";"Angiotensin-converting enzyme";"Homo sapiens";"PROTEIN FAMILY";"CHEMBL1128869";"1";"Scientific Literature";"Bioorg Med Chem Lett";"1995";"None";"";"";"";"229.0"
"CHEMBL24614";"";"None";"416.52";"0";"2.72";"4a";"CCCCCC(=O)N[C@@H](Cc1ccccc1)C(=O)CCC(=O)N1CCCC1C(=O)O";"IC50";"'='";"47.0";"nM";"7.33";"";"";"UO_0000065";"17.59";"0.33";"4.61";"7.06";"0";"CHEMBL648344";"Inhibition of guinea pig serum Angiotensin I converting enzyme";"B";"BAO_0000224";"protein format";"Cavia porcellus";"None";"None";"None";"None";"";"";"";"CHEMBL2096989";"Angiotensin-converting enzyme";"Homo sapiens";"PROTEIN FAMILY";"CHEMBL1122140";"1";"Scientific Literature";"J Med Chem";"1982";"None";"";"";"";"4.7E-8"
"CHEMBL335046";"";"None";"379.42";"0";"1.44";"1";"N#CCC(=O)N[C@@H](Cc1ccccc1)C(=O)N[C@@H](Cc1ccccc1)C(=O)O";"K inact";"'='";"0.08";"min-1";"";"";"";"";"";"";"";"";"0";"CHEMBL649545";"kinact for angiotensin I converting enzyme";"B";"BAO_0000224";"protein format";"None";"None";"None";"None";"None";"";"";"";"CHEMBL2096989";"Angiotensin-converting enzyme";"Homo sapiens";"PROTEIN FAMILY";"CHEMBL1125348";"1";"Scientific Literature";"J Med Chem";"1992";"None";"";"";"";"0.08"
"CHEMBL335046";"";"None";"379.42";"0";"1.44";"1";"N#CCC(=O)N[C@@H](Cc1ccccc1)C(=O)N[C@@H](Cc1ccccc1)C(=O)O";"Ki";"'='";"65000.0";"nM";"4.19";"";"";"UO_0000065";"11.04";"0.20";"2.75";"3.51";"0";"CHEMBL649542";"Inhibition of hydrolysis of N-[3-(2-furyl)acryloyll-Phe-Gly-Gly7 by angiotensin I converting enzyme";"B";"BAO_0000224";"protein format";"None";"None";"None";"None";"None";"";"";"";"CHEMBL2096989";"Angiotensin-converting enzyme";"Homo sapiens";"PROTEIN FAMILY";"CHEMBL1125348";"1";"Scientific Literature";"J Med Chem";"1992";"None";"";"";"";"65.0"
"CHEMBL40509";"";"None";"688.18";"2";"0.54";"1a";"C[C@H](N[C@@H](CCc1ccccc1)C(=O)O)C(=O)N1C[C@H](OCCC2Nc3cc(Cl)c(S(N)(=O)=O)cc3S(=O)(=O)N2)C[C@H]1C(=O)O";"Time to max. inhibition";"'='";"2.6";"hr";"";"";"";"UO_0000032";"";"";"";"";"0";"CHEMBL648686";"Time to inhibit maximum angiotensin I converting enzyme in Hog plasma";"F";"BAO_0000366";"cell-free format";"Sus scrofa";"CHEMBL3559721";"Plasma";"None";"None";"";"";"";"CHEMBL2096989";"Angiotensin-converting enzyme";"Homo sapiens";"PROTEIN FAMILY";"CHEMBL1124790";"1";"Scientific Literature";"J Med Chem";"1990";"None";"";"";"";"2.6"
"CHEMBL435360";"";"None";"422.48";"0";"2.45";"1";"O=C(N[C@@H](Cc1ccccc1)C(=O)CCC(=O)N1CCC[C@H]1C(=O)O)c1ccccc1";"IC50";"'='";"3.2";"nM";"8.49";"";"";"UO_0000065";"20.11";"0.37";"6.04";"8.19";"0";"CHEMBL648344";"Inhibition of guinea pig serum Angiotensin I converting enzyme";"B";"BAO_0000224";"protein format";"Cavia porcellus";"None";"None";"None";"None";"";"";"";"CHEMBL2096989";"Angiotensin-converting enzyme";"Homo sapiens";"PROTEIN FAMILY";"CHEMBL1122140";"1";"Scientific Literature";"J Med Chem";"1982";"None";"";"";"";"3.2E-9"
"CHEMBL32032";"";"None";"423.47";"0";"1.22";"Bz-Phe-Gly-Pro";"O=C(N[C@@H](Cc1ccccc1)C(=O)NCC(=O)N1CCC[C@H]1C(=O)O)c1ccccc1";"IC50";"'='";"9400.0";"nM";"5.03";"";"";"UO_0000065";"11.87";"0.22";"3.81";"4.34";"0";"CHEMBL885304";"Inhibitory activity against angiotensin converting enzyme";"B";"BAO_0000224";"protein format";"None";"None";"None";"None";"None";"";"";"";"CHEMBL2096989";"Angiotensin-converting enzyme";"Homo sapiens";"PROTEIN FAMILY";"CHEMBL1151077";"1";"Scientific Literature";"Bioorg Med Chem Lett";"1995";"None";"";"";"";"9.4"
"CHEMBL161879";"";"None";"444.55";"0";"1.90";"9";"CC(C)[C@H](S)C(=O)N[C@@H](Cc1ccc(-c2ccccc2)cc1)C(=O)N[C@@H](CO)C(=O)O";"IC50";"'='";"100.0";"nM";"7.00";"";"";"UO_0000065";"15.75";"0.31";"5.10";"6.05";"0";"CHEMBL648287";"Inhibition of angiotensin converting enzyme (ACE)";"B";"BAO_0000224";"protein format";"None";"None";"None";"None";"None";"";"";"";"CHEMBL2096989";"Angiotensin-converting enzyme";"Homo sapiens";"PROTEIN FAMILY";"CHEMBL1128869";"1";"Scientific Literature";"Bioorg Med Chem Lett";"1995";"None";"";"";"";"100.0"
"CHEMBL2112402";"";"None";"500.62";"1";"3.92";"4n (S)";"O=C(N[C@H]1CCc2cccc3c2N(C1=O)[C@H](C(=O)O)C3)C(CS)Cc1ccc(-c2ccccc2)cc1";"IC50";"'='";"1120.0";"nM";"5.95";"";"";"UO_0000065";"11.89";"0.23";"2.03";"6.86";"0";"CHEMBL644716";"Inhibition of Angiotensin I converting enzyme";"B";"BAO_0000224";"protein format";"None";"None";"None";"None";"None";"";"";"";"CHEMBL2096989";"Angiotensin-converting enzyme";"Homo sapiens";"PROTEIN FAMILY";"CHEMBL1128940";"1";"Scientific Literature";"Bioorg Med Chem Lett";"1996";"None";"";"";"";"1120.0"
"CHEMBL335046";"";"None";"379.42";"0";"1.44";"1";"N#CCC(=O)N[C@@H](Cc1ccccc1)C(=O)N[C@@H](Cc1ccccc1)C(=O)O";"k_obs";"'='";"0.000835";"s-1";"";"";"";"";"";"";"";"";"0";"CHEMBL649543";"First order rate constant for angiotensin I converting enzyme";"B";"BAO_0000224";"protein format";"None";"None";"None";"None";"None";"";"";"";"CHEMBL2096989";"Angiotensin-converting enzyme";"Homo sapiens";"PROTEIN FAMILY";"CHEMBL1125348";"1";"Scientific Literature";"J Med Chem";"1992";"None";"";"";"";"0.05"
"CHEMBL435360";"";"None";"422.48";"0";"2.45";"1";"O=C(N[C@@H](Cc1ccccc1)C(=O)CCC(=O)N1CCC[C@H]1C(=O)O)c1ccccc1";"IC50";"'='";"3.2";"nM";"8.49";"";"";"UO_0000065";"20.11";"0.37";"6.04";"8.19";"1";"CHEMBL648348";"Concentration required for 50% inhibition of Angiotensin I converting enzyme";"B";"BAO_0000224";"protein format";"Cavia porcellus";"None";"None";"None";"None";"";"";"";"CHEMBL2096989";"Angiotensin-converting enzyme";"Homo sapiens";"PROTEIN FAMILY";"CHEMBL1122170";"1";"Scientific Literature";"J Med Chem";"1982";"None";"";"";"";"3.2E-9"
"CHEMBL133499";"";"None";"269.30";"0";"0.02";"2";"CC(C)C[C@H](NC(=O)[C@H](C)NC(=O)CC#N)C(=O)O";"k_obs";"'='";"0.000501";"s-1";"";"";"";"";"";"";"";"";"0";"CHEMBL649543";"First order rate constant for angiotensin I converting enzyme";"B";"BAO_0000224";"protein format";"None";"None";"None";"None";"None";"";"";"";"CHEMBL2096989";"Angiotensin-converting enzyme";"Homo sapiens";"PROTEIN FAMILY";"CHEMBL1125348";"1";"Scientific Literature";"J Med Chem";"1992";"None";"";"";"";"0.03"
"CHEMBL349594";"";"None";"532.62";"1";"3.86";"3S";"O=C(N[C@@H](Cc1ccc(-c2ccccc2)cc1)C(=O)N1CCC[C@H]1C(=O)O)[C@@H](S)c1ccc2c(c1)OCO2";"IC50";"'='";"183.0";"nM";"6.74";"";"";"UO_0000065";"12.65";"0.24";"2.88";"6.41";"0";"CHEMBL648287";"Inhibition of angiotensin converting enzyme (ACE)";"B";"BAO_0000224";"protein format";"None";"None";"None";"None";"None";"";"";"";"CHEMBL2096989";"Angiotensin-converting enzyme";"Homo sapiens";"PROTEIN FAMILY";"CHEMBL1128869";"1";"Scientific Literature";"Bioorg Med Chem Lett";"1995";"None";"";"";"";"183.0"
"CHEMBL1560";"CAPTOPRIL";"4.0";"217.29";"0";"0.63";"captopril";"C[C@H](CS)C(=O)N1CCC[C@H]1C(=O)O";"Inhibition";"'='";"64.0";"%";"";"";"";"UO_0000187";"";"";"";"";"0";"CHEMBL648684";"In vivo inhibition of Angiotensin I converting enzyme in hog plasma after (po) administration of a dose of 0.3(mg/kg)";"B";"BAO_0000218";"organism-based format";"Sus scrofa";"CHEMBL3559721";"Plasma";"None";"None";"";"";"";"CHEMBL2096989";"Angiotensin-converting enzyme";"Homo sapiens";"PROTEIN FAMILY";"CHEMBL1124790";"1";"Scientific Literature";"J Med Chem";"1990";"None";"";"";"";"64.0"
"CHEMBL1560";"CAPTOPRIL";"4.0";"217.29";"0";"0.63";"captopril";"C[C@H](CS)C(=O)N1CCC[C@H]1C(=O)O";"Time to max. inhibition";"'='";"0.2";"hr";"";"";"";"UO_0000032";"";"";"";"";"0";"CHEMBL648685";"Time to inhibit maximum Angiotensin I converting enzyme in Hog plasma";"F";"BAO_0000366";"cell-free format";"Sus scrofa";"CHEMBL3559721";"Plasma";"None";"None";"";"";"";"CHEMBL2096989";"Angiotensin-converting enzyme";"Homo sapiens";"PROTEIN FAMILY";"CHEMBL1124790";"1";"Scientific Literature";"J Med Chem";"1990";"None";"";"";"";"0.2"
"CHEMBL578";"ENALAPRIL";"4.0";"376.45";"0";"1.60";"Enalapril";"CCOC(=O)[C@H](CCc1ccccc1)N[C@@H](C)C(=O)N1CCC[C@H]1C(=O)O";"Duration";"'>'";"3.0";"hr";"";"";"";"UO_0000032";"";"";"";"";"0";"CHEMBL648351";"Time during which Angiotensin I converting enzyme inhibition is greater than or equal to 30% in Hog plasma";"F";"BAO_0000366";"cell-free format";"Sus scrofa";"CHEMBL3559721";"Plasma";"None";"None";"";"";"";"CHEMBL2096989";"Angiotensin-converting enzyme";"Homo sapiens";"PROTEIN FAMILY";"CHEMBL1124790";"1";"Scientific Literature";"J Med Chem";"1990";"None";"";"";"";"3.0"
"CHEMBL93816";"";"None";"348.42";"0";"1.17";"4j";"CC(C)(S)C(=O)NC1CCc2cccc3c2N(C1=O)[C@H](C(=O)O)C3";"IC50";"'>'";"1000.0";"nM";"";"";"";"UO_0000065";"";"";"";"";"0";"CHEMBL644716";"Inhibition of Angiotensin I converting enzyme";"B";"BAO_0000224";"protein format";"None";"None";"None";"None";"None";"";"";"";"CHEMBL2096989";"Angiotensin-converting enzyme";"Homo sapiens";"PROTEIN FAMILY";"CHEMBL1128940";"1";"Scientific Literature";"Bioorg Med Chem Lett";"1996";"None";"";"";"";"1000.0"
"CHEMBL26289";"";"None";"418.49";"0";"2.55";"3a";"CCCCOC(=O)NC(Cc1ccccc1)C(=O)CCC(=O)N1CCCC1C(=O)O";"IC50";"'='";"210.0";"nM";"6.68";"";"";"UO_0000065";"15.96";"0.30";"4.13";"5.91";"0";"CHEMBL648344";"Inhibition of guinea pig serum Angiotensin I converting enzyme";"B";"BAO_0000224";"protein format";"Cavia porcellus";"None";"None";"None";"None";"";"";"";"CHEMBL2096989";"Angiotensin-converting enzyme";"Homo sapiens";"PROTEIN FAMILY";"CHEMBL1122140";"1";"Scientific Literature";"J Med Chem";"1982";"None";"";"";"";"2.1E-7"
"CHEMBL309941";"";"None";"436.51";"0";"2.70";"2b";"C[C@H](CC(=O)[C@@H](Cc1ccccc1)NC(=O)c1ccccc1)C(=O)N1CCC[C@H]1C(=O)O";"IC50";"'='";"8.2";"nM";"8.09";"";"";"UO_0000065";"18.52";"0.35";"5.39";"7.79";"0";"CHEMBL648344";"Inhibition of guinea pig serum Angiotensin I converting enzyme";"B";"BAO_0000224";"protein format";"Cavia porcellus";"None";"None";"None";"None";"";"";"";"CHEMBL2096989";"Angiotensin-converting enzyme";"Homo sapiens";"PROTEIN FAMILY";"CHEMBL1122140";"1";"Scientific Literature";"J Med Chem";"1982";"None";"";"";"";"8.2E-9"
"CHEMBL165888";"";"None";"502.64";"1";"4.00";"2S";"O=C(N[C@@H](Cc1ccc(-c2ccccc2)cc1)C(=O)N1CCC[C@H]1C(=O)O)[C@@H](S)Cc1ccccc1";"IC50";"'='";"57.0";"nM";"7.24";"";"";"UO_0000065";"14.41";"0.27";"3.24";"8.35";"0";"CHEMBL648287";"Inhibition of angiotensin converting enzyme (ACE)";"B";"BAO_0000224";"protein format";"None";"None";"None";"None";"None";"";"";"";"CHEMBL2096989";"Angiotensin-converting enzyme";"Homo sapiens";"PROTEIN FAMILY";"CHEMBL1128869";"1";"Scientific Literature";"Bioorg Med Chem Lett";"1995";"None";"";"";"";"57.0"
"CHEMBL351318";"";"None";"476.60";"0";"3.48";"4S";"O=C(N[C@@H](Cc1cccc2ccccc12)C(=O)N1CCC[C@H]1C(=O)O)[C@@H](S)Cc1ccccc1";"IC50";"'='";"14.0";"nM";"7.85";"";"";"UO_0000065";"16.48";"0.32";"4.37";"9.06";"0";"CHEMBL648287";"Inhibition of angiotensin converting enzyme (ACE)";"B";"BAO_0000224";"protein format";"None";"None";"None";"None";"None";"";"";"";"CHEMBL2096989";"Angiotensin-converting enzyme";"Homo sapiens";"PROTEIN FAMILY";"CHEMBL1128869";"1";"Scientific Literature";"Bioorg Med Chem Lett";"1995";"None";"";"";"";"14.0"
"CHEMBL350378";"";"None";"476.60";"0";"3.48";"4R";"O=C(N[C@@H](Cc1cccc2ccccc12)C(=O)N1CCC[C@H]1C(=O)O)[C@H](S)Cc1ccccc1";"IC50";"'='";"27.0";"nM";"7.57";"";"";"UO_0000065";"15.88";"0.30";"4.09";"8.73";"0";"CHEMBL648287";"Inhibition of angiotensin converting enzyme (ACE)";"B";"BAO_0000224";"protein format";"None";"None";"None";"None";"None";"";"";"";"CHEMBL2096989";"Angiotensin-converting enzyme";"Homo sapiens";"PROTEIN FAMILY";"CHEMBL1128869";"1";"Scientific Literature";"Bioorg Med Chem Lett";"1995";"None";"";"";"";"27.0"
"CHEMBL418571";"";"None";"472.63";"0";"4.28";"4c";"CCCCCCCCCC(=O)N[C@@H](Cc1ccccc1)C(=O)CCC(=O)N1CCCC1C(=O)O";"IC50";"'='";"6500.0";"nM";"5.19";"";"";"UO_0000065";"10.97";"0.21";"0.91";"5.00";"0";"CHEMBL648344";"Inhibition of guinea pig serum Angiotensin I converting enzyme";"B";"BAO_0000224";"protein format";"Cavia porcellus";"None";"None";"None";"None";"";"";"";"CHEMBL2096989";"Angiotensin-converting enzyme";"Homo sapiens";"PROTEIN FAMILY";"CHEMBL1122140";"1";"Scientific Literature";"J Med Chem";"1982";"None";"";"";"";"0.0000065"
"CHEMBL366447";"";"None";"355.39";"0";"1.79";"17";"COC(=O)COCC(=O)C(Cc1ccccc1)NC(=O)c1ccccc1";"IC50";"";"";"nM";"";"";"Not Determined";"UO_0000065";"";"";"";"";"0";"CHEMBL648349";"Concentration required for 50% inhibition of Angiotensin I converting enzyme; NT is Not Tested";"B";"BAO_0000224";"protein format";"Cavia porcellus";"None";"None";"None";"None";"";"";"";"CHEMBL2096989";"Angiotensin-converting enzyme";"Homo sapiens";"PROTEIN FAMILY";"CHEMBL1122170";"1";"Scientific Literature";"J Med Chem";"1982";"None";"";"";"";""
"CHEMBL40509";"";"None";"688.18";"2";"0.54";"1a";"C[C@H](N[C@@H](CCc1ccccc1)C(=O)O)C(=O)N1C[C@H](OCCC2Nc3cc(Cl)c(S(N)(=O)=O)cc3S(=O)(=O)N2)C[C@H]1C(=O)O";"Duration";"'='";"1.6";"hr";"";"";"";"UO_0000032";"";"";"";"";"0";"CHEMBL648682";"Time during which angiotensin I converting enzyme inhibition is greater than or equal to 30% in Hog plasma";"F";"BAO_0000366";"cell-free format";"Sus scrofa";"CHEMBL3559721";"Plasma";"None";"None";"";"";"";"CHEMBL2096989";"Angiotensin-converting enzyme";"Homo sapiens";"PROTEIN FAMILY";"CHEMBL1124790";"1";"Scientific Literature";"J Med Chem";"1990";"None";"";"";"";"1.6"
"CHEMBL163468";"";"None";"532.62";"1";"3.86";"3R";"O=C(N[C@@H](Cc1ccc(-c2ccccc2)cc1)C(=O)N1CCC[C@H]1C(=O)O)[C@H](S)c1ccc2c(c1)OCO2";"IC50";"'='";"378.0";"nM";"6.42";"";"";"UO_0000065";"12.06";"0.23";"2.56";"6.11";"0";"CHEMBL648287";"Inhibition of angiotensin converting enzyme (ACE)";"B";"BAO_0000224";"protein format";"None";"None";"None";"None";"None";"";"";"";"CHEMBL2096989";"Angiotensin-converting enzyme";"Homo sapiens";"PROTEIN FAMILY";"CHEMBL1128869";"1";"Scientific Literature";"Bioorg Med Chem Lett";"1995";"None";"";"";"";"378.0"
"CHEMBL166083";"";"None";"476.60";"0";"3.48";"5R";"O=C(N[C@@H](Cc1ccc2ccccc2c1)C(=O)N1CCC[C@H]1C(=O)O)[C@H](S)Cc1ccccc1";"IC50";"'='";"304.0";"nM";"6.52";"";"";"UO_0000065";"13.67";"0.26";"3.04";"7.52";"0";"CHEMBL648287";"Inhibition of angiotensin converting enzyme (ACE)";"B";"BAO_0000224";"protein format";"None";"None";"None";"None";"None";"";"";"";"CHEMBL2096989";"Angiotensin-converting enzyme";"Homo sapiens";"PROTEIN FAMILY";"CHEMBL1128869";"1";"Scientific Literature";"Bioorg Med Chem Lett";"1995";"None";"";"";"";"304.0"
"CHEMBL335046";"";"None";"379.42";"0";"1.44";"1";"N#CCC(=O)N[C@@H](Cc1ccccc1)C(=O)N[C@@H](Cc1ccccc1)C(=O)O";"Km";"'='";"10500000.0";"nM";"";"";"";"UO_0000065";"";"";"";"";"0";"CHEMBL857286";"Km for angiotensin I converting enzyme";"B";"BAO_0000224";"protein format";"None";"None";"None";"None";"None";"";"";"";"CHEMBL2096989";"Angiotensin-converting enzyme";"Homo sapiens";"PROTEIN FAMILY";"CHEMBL1125348";"1";"Scientific Literature";"J Med Chem";"1992";"None";"";"";"";"10.5"
"CHEMBL578";"ENALAPRIL";"4.0";"376.45";"0";"1.60";"enalapril";"CCOC(=O)[C@H](CCc1ccccc1)N[C@@H](C)C(=O)N1CCC[C@H]1C(=O)O";"Time to max. inhibition";"'='";"1.5";"hr";"";"";"";"UO_0000032";"";"";"";"";"0";"CHEMBL648685";"Time to inhibit maximum Angiotensin I converting enzyme in Hog plasma";"F";"BAO_0000366";"cell-free format";"Sus scrofa";"CHEMBL3559721";"Plasma";"None";"None";"";"";"";"CHEMBL2096989";"Angiotensin-converting enzyme";"Homo sapiens";"PROTEIN FAMILY";"CHEMBL1124790";"1";"Scientific Literature";"J Med Chem";"1990";"None";"";"";"";"1.5"
"CHEMBL577";"ENALAPRILAT ANHYDROUS";"4.0";"348.40";"0";"1.13";"Enalaprilat";"C[C@H](N[C@@H](CCc1ccccc1)C(=O)O)C(=O)N1CCC[C@H]1C(=O)O";"Time to max. inhibition";"'='";"1.0";"hr";"";"";"";"UO_0000032";"";"";"";"";"0";"CHEMBL648685";"Time to inhibit maximum Angiotensin I converting enzyme in Hog plasma";"F";"BAO_0000366";"cell-free format";"Sus scrofa";"CHEMBL3559721";"Plasma";"None";"None";"";"";"";"CHEMBL2096989";"Angiotensin-converting enzyme";"Homo sapiens";"PROTEIN FAMILY";"CHEMBL1124790";"1";"Scientific Literature";"J Med Chem";"1990";"None";"";"";"";"1.0"
"CHEMBL318192";"";"None";"410.50";"0";"2.00";"4c";"O=C(NC1CCc2cccc3c2N(C1=O)[C@H](C(=O)O)C3)[C@H](S)Cc1ccccc1";"IC50";"'='";"283.0";"nM";"6.55";"";"";"UO_0000065";"15.95";"0.31";"4.55";"7.55";"0";"CHEMBL644716";"Inhibition of Angiotensin I converting enzyme";"B";"BAO_0000224";"protein format";"None";"None";"None";"None";"None";"";"";"";"CHEMBL2096989";"Angiotensin-converting enzyme";"Homo sapiens";"PROTEIN FAMILY";"CHEMBL1128940";"1";"Scientific Literature";"Bioorg Med Chem Lett";"1996";"None";"";"";"";"283.0"
"CHEMBL1560";"CAPTOPRIL";"4.0";"217.29";"0";"0.63";"captopril";"C[C@H](CS)C(=O)N1CCC[C@H]1C(=O)O";"Duration";"'='";"1.5";"hr";"";"";"";"UO_0000032";"";"";"";"";"0";"CHEMBL648351";"Time during which Angiotensin I converting enzyme inhibition is greater than or equal to 30% in Hog plasma";"F";"BAO_0000366";"cell-free format";"Sus scrofa";"CHEMBL3559721";"Plasma";"None";"None";"";"";"";"CHEMBL2096989";"Angiotensin-converting enzyme";"Homo sapiens";"PROTEIN FAMILY";"CHEMBL1124790";"1";"Scientific Literature";"J Med Chem";"1990";"None";"";"";"";"1.5"
"CHEMBL133944";"";"None";"303.32";"0";"0.22";"3";"C[C@H](NC(=O)CC#N)C(=O)N[C@@H](Cc1ccccc1)C(=O)O";"k_obs";"'='";"0.0002505";"s-1";"";"";"";"";"";"";"";"";"0";"CHEMBL649543";"First order rate constant for angiotensin I converting enzyme";"B";"BAO_0000224";"protein format";"None";"None";"None";"None";"None";"";"";"";"CHEMBL2096989";"Angiotensin-converting enzyme";"Homo sapiens";"PROTEIN FAMILY";"CHEMBL1125348";"1";"Scientific Literature";"J Med Chem";"1992";"None";"";"";"";"0.015"
"CHEMBL350414";"";"None";"405.52";"0";"4.01";"1S";"O=C(O)[C@H](Cc1ccc(-c2ccccc2)cc1)NC(=O)[C@@H](S)Cc1ccccc1";"IC50";"'='";"80.0";"nM";"7.10";"";"";"UO_0000065";"17.50";"0.33";"3.09";"10.69";"0";"CHEMBL648287";"Inhibition of angiotensin converting enzyme (ACE)";"B";"BAO_0000224";"protein format";"None";"None";"None";"None";"None";"";"";"";"CHEMBL2096989";"Angiotensin-converting enzyme";"Homo sapiens";"PROTEIN FAMILY";"CHEMBL1128869";"1";"Scientific Literature";"Bioorg Med Chem Lett";"1995";"None";"";"";"";"80.0"
"CHEMBL265966";"";"None";"522.62";"1";"3.16";"20";"CCOC(=O)CN(CC(=O)C(Cc1ccccc1)NC(=O)c1ccccc1)S(=O)(=O)c1ccc(C)cc1";"IC50";"";"";"nM";"";"";"Not Determined";"UO_0000065";"";"";"";"";"0";"CHEMBL648349";"Concentration required for 50% inhibition of Angiotensin I converting enzyme; NT is Not Tested";"B";"BAO_0000224";"protein format";"Cavia porcellus";"None";"None";"None";"None";"";"";"";"CHEMBL2096989";"Angiotensin-converting enzyme";"Homo sapiens";"PROTEIN FAMILY";"CHEMBL1122170";"1";"Scientific Literature";"J Med Chem";"1982";"None";"";"";"";""
"CHEMBL366420";"";"None";"438.48";"0";"1.69";"12";"O=C(NC(Cc1ccccc1)C(=O)COCC(=O)N1CCC[C@@H]1C(=O)O)c1ccccc1";"IC50";"'='";"4.4";"nM";"8.36";"";"";"UO_0000065";"19.06";"0.36";"6.67";"7.39";"0";"CHEMBL648348";"Concentration required for 50% inhibition of Angiotensin I converting enzyme";"B";"BAO_0000224";"protein format";"Cavia porcellus";"None";"None";"None";"None";"";"";"";"CHEMBL2096989";"Angiotensin-converting enzyme";"Homo sapiens";"PROTEIN FAMILY";"CHEMBL1122170";"1";"Scientific Literature";"J Med Chem";"1982";"None";"";"";"";"4.4E-9"
"CHEMBL578";"ENALAPRIL";"4.0";"376.45";"0";"1.60";"enalapril";"CCOC(=O)[C@H](CCc1ccccc1)N[C@@H](C)C(=O)N1CCC[C@H]1C(=O)O";"Inhibition";"'='";"55.0";"%";"";"";"";"UO_0000187";"";"";"";"";"0";"CHEMBL648684";"In vivo inhibition of Angiotensin I converting enzyme in hog plasma after (po) administration of a dose of 0.3(mg/kg)";"B";"BAO_0000218";"organism-based format";"Sus scrofa";"CHEMBL3559721";"Plasma";"None";"None";"";"";"";"CHEMBL2096989";"Angiotensin-converting enzyme";"Homo sapiens";"PROTEIN FAMILY";"CHEMBL1124790";"1";"Scientific Literature";"J Med Chem";"1990";"None";"";"";"";"55.0"
"CHEMBL358338";"";"None";"520.65";"1";"3.85";"8";"CC(C)[C@H](S)C(=O)N[C@@H](Cc1ccc(-c2ccccc2)cc1)C(=O)N[C@@H](Cc1ccc(O)cc1)C(=O)O";"IC50";"'='";"62.0";"nM";"7.21";"";"";"UO_0000065";"13.84";"0.27";"3.36";"6.23";"0";"CHEMBL648287";"Inhibition of angiotensin converting enzyme (ACE)";"B";"BAO_0000224";"protein format";"None";"None";"None";"None";"None";"";"";"";"CHEMBL2096989";"Angiotensin-converting enzyme";"Homo sapiens";"PROTEIN FAMILY";"CHEMBL1128869";"1";"Scientific Literature";"Bioorg Med Chem Lett";"1995";"None";"";"";"";"62.0"
"CHEMBL2112403";"";"None";"410.50";"0";"2.00";"4a";"O=C(N[C@H]1CCc2cccc3c2N(C1=O)[C@H](C(=O)O)C3)[C@@H](S)Cc1ccccc1";"IC50";"'='";"40.0";"nM";"7.40";"";"";"UO_0000065";"18.02";"0.35";"5.40";"8.53";"0";"CHEMBL644716";"Inhibition of Angiotensin I converting enzyme";"B";"BAO_0000224";"protein format";"None";"None";"None";"None";"None";"";"";"";"CHEMBL2096989";"Angiotensin-converting enzyme";"Homo sapiens";"PROTEIN FAMILY";"CHEMBL1128940";"1";"Scientific Literature";"Bioorg Med Chem Lett";"1996";"None";"";"";"";"40.0"
"CHEMBL97191";"";"None";"437.50";"0";"1.26";"Bz-Phe-[CO-CH2]-Gly-Pro";"O=C(N[C@@H](Cc1ccccc1)C(=O)CNCC(=O)N1CCC[C@H]1C(=O)O)c1ccccc1";"IC50";"'='";"70.0";"nM";"7.16";"";"";"UO_0000065";"16.35";"0.31";"5.89";"6.18";"0";"CHEMBL885304";"Inhibitory activity against angiotensin converting enzyme";"B";"BAO_0000224";"protein format";"None";"None";"None";"None";"None";"";"";"";"CHEMBL2096989";"Angiotensin-converting enzyme";"Homo sapiens";"PROTEIN FAMILY";"CHEMBL1151077";"1";"Scientific Literature";"Bioorg Med Chem Lett";"1995";"None";"";"";"";"0.07"
"CHEMBL100044";"";"None";"334.40";"0";"0.78";"4e";"C[C@H](S)C(=O)NC1CCc2cccc3c2N(C1=O)[C@H](C(=O)O)C3";"IC50";"'='";"165.0";"nM";"6.78";"";"";"UO_0000065";"20.28";"0.40";"6.00";"7.82";"0";"CHEMBL644716";"Inhibition of Angiotensin I converting enzyme";"B";"BAO_0000224";"protein format";"None";"None";"None";"None";"None";"";"";"";"CHEMBL2096989";"Angiotensin-converting enzyme";"Homo sapiens";"PROTEIN FAMILY";"CHEMBL1128940";"1";"Scientific Literature";"Bioorg Med Chem Lett";"1996";"None";"";"";"";"165.0"
"CHEMBL328537";"";"None";"436.51";"0";"2.70";"2d";"C[C@@H](CC(=O)[C@@H](Cc1ccccc1)NC(=O)c1ccccc1)C(=O)N1CCC[C@H]1C(=O)O";"IC50";"'='";"3200.0";"nM";"5.50";"";"";"UO_0000065";"12.59";"0.23";"2.79";"5.29";"0";"CHEMBL648344";"Inhibition of guinea pig serum Angiotensin I converting enzyme";"B";"BAO_0000224";"protein format";"Cavia porcellus";"None";"None";"None";"None";"";"";"";"CHEMBL2096989";"Angiotensin-converting enzyme";"Homo sapiens";"PROTEIN FAMILY";"CHEMBL1122140";"1";"Scientific Literature";"J Med Chem";"1982";"None";"";"";"";"0.0000032"
"CHEMBL24504";"";"None";"444.57";"0";"3.50";"4b";"CCCCCCCC(=O)N[C@@H](Cc1ccccc1)C(=O)CCC(=O)N1CCCC1C(=O)O";"IC50";"'='";"650.0";"nM";"6.19";"";"";"UO_0000065";"13.92";"0.26";"2.69";"5.96";"0";"CHEMBL648344";"Inhibition of guinea pig serum Angiotensin I converting enzyme";"B";"BAO_0000224";"protein format";"Cavia porcellus";"None";"None";"None";"None";"";"";"";"CHEMBL2096989";"Angiotensin-converting enzyme";"Homo sapiens";"PROTEIN FAMILY";"CHEMBL1122140";"1";"Scientific Literature";"J Med Chem";"1982";"None";"";"";"";"6.5E-7"
"CHEMBL319744";"";"None";"486.59";"0";"3.67";"4d";"O=C(NC1CCc2cccc3c2N(C1=O)[C@H](C(=O)O)C3)[C@@H](S)Cc1ccc(-c2ccccc2)cc1";"IC50";"'='";"89.0";"nM";"7.05";"";"";"UO_0000065";"14.49";"0.28";"3.38";"8.13";"0";"CHEMBL644716";"Inhibition of Angiotensin I converting enzyme";"B";"BAO_0000224";"protein format";"None";"None";"None";"None";"None";"";"";"";"CHEMBL2096989";"Angiotensin-converting enzyme";"Homo sapiens";"PROTEIN FAMILY";"CHEMBL1128940";"1";"Scientific Literature";"Bioorg Med Chem Lett";"1996";"None";"";"";"";"89.0"
"CHEMBL268484";"";"None";"202.28";"0";"-0.36";"19";"NC(=O)CN1CCCC(CS)C1=O";"IC50";"";"";"nM";"";"";"Not Active";"UO_0000065";"";"";"";"";"0";"CHEMBL648345";"Compound was tested for the inhibition of Angiotensin I converting enzyme";"B";"BAO_0000224";"protein format";"Cavia porcellus";"None";"None";"None";"None";"";"";"";"CHEMBL2096989";"Angiotensin-converting enzyme";"Homo sapiens";"PROTEIN FAMILY";"CHEMBL1121705";"1";"Scientific Literature";"J Med Chem";"1981";"None";"";"";"";""
"CHEMBL335046";"";"None";"379.42";"0";"1.44";"1";"N#CCC(=O)N[C@@H](Cc1ccccc1)C(=O)N[C@@H](Cc1ccccc1)C(=O)O";"K obs";"'='";"4.6";"mM";"";"";"";"UO_0000063";"";"";"";"";"0";"CHEMBL649544";"Pseudo first order rate constant for angiotensin I converting enzyme; 4.6-18.6";"B";"BAO_0000224";"protein format";"None";"None";"None";"None";"None";"";"";"";"CHEMBL2096989";"Angiotensin-converting enzyme";"Homo sapiens";"PROTEIN FAMILY";"CHEMBL1125348";"1";"Scientific Literature";"J Med Chem";"1992";"None";"";"";"";"4.6"
"CHEMBL368549";"";"None";"494.57";"0";"2.68";"21";"Cc1ccc(S(=O)(=O)N(CC(=O)O)CC(=O)C(Cc2ccccc2)NC(=O)c2ccccc2)cc1";"IC50";"";"";"nM";"";"";"Not Determined";"UO_0000065";"";"";"";"";"0";"CHEMBL648349";"Concentration required for 50% inhibition of Angiotensin I converting enzyme; NT is Not Tested";"B";"BAO_0000224";"protein format";"Cavia porcellus";"None";"None";"None";"None";"";"";"";"CHEMBL2096989";"Angiotensin-converting enzyme";"Homo sapiens";"PROTEIN FAMILY";"CHEMBL1122170";"1";"Scientific Literature";"J Med Chem";"1982";"None";"";"";"";""
"CHEMBL367334";"";"None";"436.51";"0";"2.84";"22";"O=C(NC(Cc1ccccc1)C(=O)CCCC(=O)N1CCC[C@@H]1C(=O)O)c1ccccc1";"IC50";"'='";"42.0";"nM";"7.38";"";"";"UO_0000065";"16.90";"0.31";"4.54";"7.11";"0";"CHEMBL648348";"Concentration required for 50% inhibition of Angiotensin I converting enzyme";"B";"BAO_0000224";"protein format";"Cavia porcellus";"None";"None";"None";"None";"";"";"";"CHEMBL2096989";"Angiotensin-converting enzyme";"Homo sapiens";"PROTEIN FAMILY";"CHEMBL1122170";"1";"Scientific Literature";"J Med Chem";"1982";"None";"";"";"";"4.2E-8"
"CHEMBL175468";"";"None";"357.43";"0";"2.41";"16";"O=C(O)CSCC(=O)C(Cc1ccccc1)NC(=O)c1ccccc1";"IC50";"";"";"nM";"";"";"Not Tested";"UO_0000065";"";"";"";"";"0";"CHEMBL648348";"Concentration required for 50% inhibition of Angiotensin I converting enzyme";"B";"BAO_0000224";"protein format";"Cavia porcellus";"None";"None";"None";"None";"";"";"";"CHEMBL2096989";"Angiotensin-converting enzyme";"Homo sapiens";"PROTEIN FAMILY";"CHEMBL1122170";"1";"Scientific Literature";"J Med Chem";"1982";"None";"";"";"";""
"CHEMBL369065";"";"None";"341.36";"0";"1.70";"18";"O=C(O)COCC(=O)C(Cc1ccccc1)NC(=O)c1ccccc1";"IC50";"";"";"nM";"";"";"Not Determined";"UO_0000065";"";"";"";"";"0";"CHEMBL648349";"Concentration required for 50% inhibition of Angiotensin I converting enzyme; NT is Not Tested";"B";"BAO_0000224";"protein format";"Cavia porcellus";"None";"None";"None";"None";"";"";"";"CHEMBL2096989";"Angiotensin-converting enzyme";"Homo sapiens";"PROTEIN FAMILY";"CHEMBL1122170";"1";"Scientific Literature";"J Med Chem";"1982";"None";"";"";"";""
"CHEMBL2111596";"";"None";"410.50";"0";"2.00";"4b (R)";"O=C(N[C@@H]1CCc2cccc3c2N(C1=O)[C@H](C(=O)O)C3)[C@@H](S)Cc1ccccc1";"IC50";"'='";"62.0";"nM";"7.21";"";"";"UO_0000065";"17.56";"0.34";"5.21";"8.31";"0";"CHEMBL644716";"Inhibition of Angiotensin I converting enzyme";"B";"BAO_0000224";"protein format";"None";"None";"None";"None";"None";"";"";"";"CHEMBL2096989";"Angiotensin-converting enzyme";"Homo sapiens";"PROTEIN FAMILY";"CHEMBL1128940";"1";"Scientific Literature";"Bioorg Med Chem Lett";"1996";"None";"";"";"";"62.0"
"CHEMBL366372";"";"None";"591.69";"1";"2.67";"13";"Cc1ccc(S(=O)(=O)N(CC(=O)C(Cc2ccccc2)NC(=O)c2ccccc2)CC(=O)N2CCC[C@@H]2C(=O)O)cc1";"IC50";"'='";"22000.0";"nM";"4.66";"";"";"UO_0000065";"7.87";"0.15";"1.99";"3.30";"0";"CHEMBL648348";"Concentration required for 50% inhibition of Angiotensin I converting enzyme";"B";"BAO_0000224";"protein format";"Cavia porcellus";"None";"None";"None";"None";"";"";"";"CHEMBL2096989";"Angiotensin-converting enzyme";"Homo sapiens";"PROTEIN FAMILY";"CHEMBL1122170";"1";"Scientific Literature";"J Med Chem";"1982";"None";"";"";"";"0.000022"
"CHEMBL360536";"";"None";"437.50";"0";"1.26";"14";"O=C(NC(Cc1ccccc1)C(=O)CNCC(=O)N1CCC[C@@H]1C(=O)O)c1ccccc1";"IC50";"'='";"960.0";"nM";"6.02";"";"";"UO_0000065";"13.75";"0.26";"4.76";"5.20";"0";"CHEMBL648348";"Concentration required for 50% inhibition of Angiotensin I converting enzyme";"B";"BAO_0000224";"protein format";"Cavia porcellus";"None";"None";"None";"None";"";"";"";"CHEMBL2096989";"Angiotensin-converting enzyme";"Homo sapiens";"PROTEIN FAMILY";"CHEMBL1122170";"1";"Scientific Literature";"J Med Chem";"1982";"None";"";"";"";"9.6E-7"
"CHEMBL2112402";"";"None";"500.62";"1";"3.92";"4m (S)";"O=C(N[C@H]1CCc2cccc3c2N(C1=O)[C@H](C(=O)O)C3)C(CS)Cc1ccc(-c2ccccc2)cc1";"IC50";"'='";"77.0";"nM";"7.11";"";"";"UO_0000065";"14.21";"0.27";"3.19";"8.20";"0";"CHEMBL644716";"Inhibition of Angiotensin I converting enzyme";"B";"BAO_0000224";"protein format";"None";"None";"None";"None";"None";"";"";"";"CHEMBL2096989";"Angiotensin-converting enzyme";"Homo sapiens";"PROTEIN FAMILY";"CHEMBL1128940";"1";"Scientific Literature";"Bioorg Med Chem Lett";"1996";"None";"";"";"";"77.0"
"CHEMBL163182";"";"None";"456.61";"0";"3.56";"7";"CC(C)[C@H](S)C(=O)N[C@@H](Cc1ccc(-c2ccccc2)cc1)C(=O)N[C@H](C(=O)O)C(C)C";"IC50";"'='";"175.0";"nM";"6.76";"";"";"UO_0000065";"14.80";"0.29";"3.20";"7.08";"0";"CHEMBL648287";"Inhibition of angiotensin converting enzyme (ACE)";"B";"BAO_0000224";"protein format";"None";"None";"None";"None";"None";"";"";"";"CHEMBL2096989";"Angiotensin-converting enzyme";"Homo sapiens";"PROTEIN FAMILY";"CHEMBL1128869";"1";"Scientific Literature";"Bioorg Med Chem Lett";"1995";"None";"";"";"";"175.0"
"CHEMBL163454";"";"None";"405.52";"0";"4.01";"1R";"O=C(N[C@@H](Cc1ccc(-c2ccccc2)cc1)C(=O)O)[C@H](S)Cc1ccccc1";"IC50";"'='";"688.0";"nM";"6.16";"";"";"UO_0000065";"15.20";"0.29";"2.15";"9.28";"0";"CHEMBL648287";"Inhibition of angiotensin converting enzyme (ACE)";"B";"BAO_0000224";"protein format";"None";"None";"None";"None";"None";"";"";"";"CHEMBL2096989";"Angiotensin-converting enzyme";"Homo sapiens";"PROTEIN FAMILY";"CHEMBL1128869";"1";"Scientific Literature";"Bioorg Med Chem Lett";"1995";"None";"";"";"";"688.0"
"CHEMBL577";"ENALAPRILAT ANHYDROUS";"4.0";"348.40";"0";"1.13";"enalaprilat";"C[C@H](N[C@@H](CCc1ccccc1)C(=O)O)C(=O)N1CCC[C@H]1C(=O)O";"Duration";"'>'";"6.0";"hr";"";"";"";"UO_0000032";"";"";"";"";"0";"CHEMBL648351";"Time during which Angiotensin I converting enzyme inhibition is greater than or equal to 30% in Hog plasma";"F";"BAO_0000366";"cell-free format";"Sus scrofa";"CHEMBL3559721";"Plasma";"None";"None";"";"";"";"CHEMBL2096989";"Angiotensin-converting enzyme";"Homo sapiens";"PROTEIN FAMILY";"CHEMBL1124790";"1";"Scientific Literature";"J Med Chem";"1990";"None";"";"";"";"6.0"
"CHEMBL93662";"";"None";"436.51";"0";"2.70";"2c";"C[C@@H](CC(=O)[C@H](Cc1ccccc1)NC(=O)c1ccccc1)C(=O)N1CCC[C@H]1C(=O)O";"IC50";"'='";"46.0";"nM";"7.34";"";"";"UO_0000065";"16.81";"0.31";"4.64";"7.07";"0";"CHEMBL648344";"Inhibition of guinea pig serum Angiotensin I converting enzyme";"B";"BAO_0000224";"protein format";"Cavia porcellus";"None";"None";"None";"None";"";"";"";"CHEMBL2096989";"Angiotensin-converting enzyme";"Homo sapiens";"PROTEIN FAMILY";"CHEMBL1122140";"1";"Scientific Literature";"J Med Chem";"1982";"None";"";"";"";"4.6E-8"
"CHEMBL329474";"";"None";"402.52";"0";"2.34";"4h";"O=C(NC1CCc2cccc3c2N(C1=O)[C@H](C(=O)O)C3)[C@@H](S)C1CCCCC1";"IC50";"'<'";"100.0";"nM";"";"";"";"UO_0000065";"";"";"";"";"0";"CHEMBL644716";"Inhibition of Angiotensin I converting enzyme";"B";"BAO_0000224";"protein format";"None";"None";"None";"None";"None";"";"";"";"CHEMBL2096989";"Angiotensin-converting enzyme";"Homo sapiens";"PROTEIN FAMILY";"CHEMBL1128940";"1";"Scientific Literature";"Bioorg Med Chem Lett";"1996";"None";"";"";"";"100.0"
"CHEMBL163621";"";"None";"454.59";"0";"3.41";"6";"CC(C)[C@H](S)C(=O)N[C@@H](Cc1ccc(-c2ccccc2)cc1)C(=O)N1CCC[C@H]1C(=O)O";"IC50";"'='";"319.0";"nM";"6.50";"";"";"UO_0000065";"14.29";"0.28";"3.09";"7.49";"0";"CHEMBL648287";"Inhibition of angiotensin converting enzyme (ACE)";"B";"BAO_0000224";"protein format";"None";"None";"None";"None";"None";"";"";"";"CHEMBL2096989";"Angiotensin-converting enzyme";"Homo sapiens";"PROTEIN FAMILY";"CHEMBL1128869";"1";"Scientific Literature";"Bioorg Med Chem Lett";"1995";"None";"";"";"";"319.0"
"CHEMBL423635";"";"None";"476.60";"0";"3.48";"5S";"O=C(N[C@@H](Cc1ccc2ccccc2c1)C(=O)N1CCC[C@H]1C(=O)O)[C@@H](S)Cc1ccccc1";"IC50";"'='";"18.0";"nM";"7.75";"";"";"UO_0000065";"16.25";"0.31";"4.26";"8.93";"0";"CHEMBL648287";"Inhibition of angiotensin converting enzyme (ACE)";"B";"BAO_0000224";"protein format";"None";"None";"None";"None";"None";"";"";"";"CHEMBL2096989";"Angiotensin-converting enzyme";"Homo sapiens";"PROTEIN FAMILY";"CHEMBL1128869";"1";"Scientific Literature";"Bioorg Med Chem Lett";"1995";"None";"";"";"";"18.0"
"CHEMBL95564";"";"None";"436.51";"0";"2.70";"2a";"C[C@H](CC(=O)[C@H](Cc1ccccc1)NC(=O)c1ccccc1)C(=O)N1CCC[C@H]1C(=O)O";"IC50";"'='";"1.0";"nM";"9.00";"";"";"UO_0000065";"20.62";"0.38";"6.30";"8.67";"0";"CHEMBL648344";"Inhibition of guinea pig serum Angiotensin I converting enzyme";"B";"BAO_0000224";"protein format";"Cavia porcellus";"None";"None";"None";"None";"";"";"";"CHEMBL2096989";"Angiotensin-converting enzyme";"Homo sapiens";"PROTEIN FAMILY";"CHEMBL1122140";"1";"Scientific Literature";"J Med Chem";"1982";"None";"";"";"";"1E-9"
"CHEMBL24750";"";"None";"432.52";"0";"2.79";"3b";"CCCCOC(=O)NC(Cc1ccccc1)C(=O)CC(C)C(=O)N1CCCC1C(=O)O";"IC50";"'='";"29.0";"nM";"7.54";"";"";"UO_0000065";"17.43";"0.33";"4.75";"6.67";"0";"CHEMBL648344";"Inhibition of guinea pig serum Angiotensin I converting enzyme";"B";"BAO_0000224";"protein format";"Cavia porcellus";"None";"None";"None";"None";"";"";"";"CHEMBL2096989";"Angiotensin-converting enzyme";"Homo sapiens";"PROTEIN FAMILY";"CHEMBL1122140";"1";"Scientific Literature";"J Med Chem";"1982";"None";"";"";"";"2.9E-8"
"CHEMBL316595";"";"None";"422.51";"0";"1.93";"4l";"O=C(O)[C@@H]1Cc2cccc3c2N1C(=O)C(NC(=O)C1(S)Cc2ccccc2C1)CC3";"IC50";"'>'";"1000.0";"nM";"";"";"";"UO_0000065";"";"";"";"";"0";"CHEMBL644716";"Inhibition of Angiotensin I converting enzyme";"B";"BAO_0000224";"protein format";"None";"None";"None";"None";"None";"";"";"";"CHEMBL2096989";"Angiotensin-converting enzyme";"Homo sapiens";"PROTEIN FAMILY";"CHEMBL1128940";"1";"Scientific Literature";"Bioorg Med Chem Lett";"1996";"None";"";"";"";"1000.0"
"CHEMBL319836";"";"None";"376.48";"0";"1.80";"4g";"CC[C@@H](C)[C@H](S)C(=O)NC1CCc2cccc3c2N(C1=O)[C@H](C(=O)O)C3";"IC50";"'='";"41.0";"nM";"7.39";"";"";"UO_0000065";"19.62";"0.39";"5.59";"8.52";"0";"CHEMBL644716";"Inhibition of Angiotensin I converting enzyme";"B";"BAO_0000224";"protein format";"None";"None";"None";"None";"None";"";"";"";"CHEMBL2096989";"Angiotensin-converting enzyme";"Homo sapiens";"PROTEIN FAMILY";"CHEMBL1128940";"1";"Scientific Literature";"Bioorg Med Chem Lett";"1996";"None";"";"";"";"41.0"
"CHEMBL440556";"";"None";"619.80";"0";"1.69";"12 (DCHA salt)";"C1CCC(NC2CCCCC2)CC1.O=C(NC(Cc1ccccc1)C(=O)COCC(=O)N1CCC[C@@H]1C(=O)O)c1ccccc1";"IC50";"";"";"nM";"";"";"Not Tested";"UO_0000065";"";"";"";"";"0";"CHEMBL648348";"Concentration required for 50% inhibition of Angiotensin I converting enzyme";"B";"BAO_0000224";"protein format";"Cavia porcellus";"None";"None";"None";"None";"";"";"";"CHEMBL2096989";"Angiotensin-converting enzyme";"Homo sapiens";"PROTEIN FAMILY";"CHEMBL1122170";"1";"Scientific Literature";"J Med Chem";"1982";"None";"";"";"";""
"CHEMBL43859";"";"None";"596.06";"2";"0.34";"1b";"C[C@H](N[C@@H](CCc1ccccc1)C(=O)O)C(=O)N1CC(NNC(=O)c2ccc(Cl)c(S(N)(=O)=O)c2)C[C@H]1C(=O)O";"Time to max. inhibition";"'='";"0.3";"hr";"";"";"";"UO_0000032";"";"";"";"";"0";"CHEMBL647713";"Time to inhibit maximum Angiotensin I converting enzyme in Hog plasma";"F";"BAO_0000366";"cell-free format";"Oryctolagus cuniculus";"CHEMBL3559721";"Plasma";"None";"None";"";"";"";"CHEMBL2096989";"Angiotensin-converting enzyme";"Homo sapiens";"PROTEIN FAMILY";"CHEMBL1124790";"1";"Scientific Literature";"J Med Chem";"1990";"None";"";"";"";"0.3"
"CHEMBL99861";"";"None";"374.46";"0";"1.70";"4k";"O=C(O)[C@@H]1Cc2cccc3c2N1C(=O)C(NC(=O)C1(S)CCCC1)CC3";"IC50";"'='";"253.0";"nM";"6.60";"";"";"UO_0000065";"17.62";"0.35";"4.90";"7.61";"0";"CHEMBL644716";"Inhibition of Angiotensin I converting enzyme";"B";"BAO_0000224";"protein format";"None";"None";"None";"None";"None";"";"";"";"CHEMBL2096989";"Angiotensin-converting enzyme";"Homo sapiens";"PROTEIN FAMILY";"CHEMBL1128940";"1";"Scientific Literature";"Bioorg Med Chem Lett";"1996";"None";"";"";"";"253.0"
"CHEMBL98876";"";"None";"362.45";"0";"1.41";"4f";"CC(C)[C@H](S)C(=O)NC1CCc2cccc3c2N(C1=O)[C@H](C(=O)O)C3";"IC50";"'='";"30.0";"nM";"7.52";"";"";"UO_0000065";"20.76";"0.41";"6.11";"8.68";"0";"CHEMBL644716";"Inhibition of Angiotensin I converting enzyme";"B";"BAO_0000224";"protein format";"None";"None";"None";"None";"None";"";"";"";"CHEMBL2096989";"Angiotensin-converting enzyme";"Homo sapiens";"PROTEIN FAMILY";"CHEMBL1128940";"1";"Scientific Literature";"Bioorg Med Chem Lett";"1996";"None";"";"";"";"30.0"
"CHEMBL336756";"";"None";"232.24";"0";"0.71";"CPA";"N#CCC(=O)N[C@@H](Cc1ccccc1)C(=O)O";"Km";"'='";"4190000.0";"nM";"";"";"";"UO_0000065";"";"";"";"";"0";"CHEMBL857286";"Km for angiotensin I converting enzyme";"B";"BAO_0000224";"protein format";"None";"None";"None";"None";"None";"";"";"";"CHEMBL2096989";"Angiotensin-converting enzyme";"Homo sapiens";"PROTEIN FAMILY";"CHEMBL1125348";"1";"Scientific Literature";"J Med Chem";"1992";"None";"";"";"";"4.19"
